,Query,T1,Score,Conf
0,NP_011624.1,NP_594898.2,0.39909,0.002244
1,NP_009564.1,NP_595567.1,0.37824,0.551866
2,NP_014367.1,NP_595567.1,0.37824,0.551866
