,Query,T1,Score,Conf
0,NP_058162.3,NP_001417984.1,0.99168,0.321218
